"","periodo","nombre_region","toi","to","tp","td","Ocupados","Desocupados","FDT","PET","FFT","OI"
"1","2020.JJA","Tarapacá",20.97,46.27,54.7,15.41,136810,24919,161729,295648,133919,28692
"2","2020.JAS","Tarapacá",22.83,47.94,54.75,12.44,142020,20171,162191,296244,134053,32429
"3","2020.ASO","Tarapacá",27.03,50.61,55.94,9.54,150221,15836,166057,296837,130780,40609
"4","2020.SON","Tarapacá",28.18,52.41,57.21,8.38,155881,14260,170142,297424,127282,43929
"5","2020.OND","Tarapacá",30.05,54.33,58.99,7.89,161926,13878,175803,298014,122211,48655
"6","2020.NDE","Tarapacá",28.38,52.7,58.8,10.37,157372,18205,175576,298611,123035,44669
"7","2021.DEF","Tarapacá",26.75,54.02,58.5,7.65,161636,13387,175023,299205,124182,43233
"8","2021.EFM","Tarapacá",25.66,52.58,58.53,10.17,157623,17840,175463,299794,124331,40452
"9","2021.FMA","Tarapacá",25.79,53.81,59.62,9.74,161641,17451,179092,300395,121303,41687
"10","2021.MAM","Tarapacá",27.35,53.47,60.02,10.92,160921,19734,180655,300975,120320,44019
"11","2021.AMJ","Tarapacá",28.78,54.57,59.86,8.84,164568,15958,180526,301570,121044,47367
"12","2021.MJJ","Tarapacá",29.83,54.34,59.04,7.95,164211,14187,178399,302166,123767,48985
"13","2021.JJA","Tarapacá",31.65,56.24,60.11,6.44,170215,11715,181930,302669,120739,53879
"14","2021.JAS","Tarapacá",30.91,55.79,59.94,6.91,169097,12561,181658,303082,121424,52274
"15","2021.ASO","Tarapacá",32.87,56.18,60.73,7.49,170504,13805,184309,303472,119163,56037
"16","2021.SON","Tarapacá",32.09,55.79,61.04,8.6,169550,15953,185504,303892,118388,54407
"17","2021.OND","Tarapacá",34.09,56.61,62.13,8.88,172280,16779,189060,304302,115242,58726
"18","2021.NDE","Tarapacá",32.14,57.02,62.61,8.92,173757,17026,190783,304735,113952,55847
"19","2022.DEF","Tarapacá",35.77,58.16,63.51,8.42,177482,16318,193800,305145,111345,63493
"20","2022.EFM","Tarapacá",33.74,58.05,63.53,8.63,177365,16748,194113,305549,111436,59851
"21","2022.FMA","Tarapacá",34.81,60.6,65.96,8.12,185428,16395,201823,305973,104150,64556
"22","2022.MAM","Tarapacá",31.47,60.19,65.65,8.32,184408,16730,201138,306382,105244,58034
"23","2022.AMJ","Tarapacá",31.37,60.18,65.66,8.34,184643,16803,201446,306810,105364,57924
"24","2022.MJJ","Tarapacá",31.23,59.6,65.66,9.23,183104,18625,201729,307229,105500,57185
"25","2022.JJA","Tarapacá",32.02,60.95,67.48,9.68,187506,20091,207597,307632,100035,60040
"26","2022.JAS","Tarapacá",33.1,61.64,68.23,9.66,189860,20292,210153,308016,97863,62841
"27","2022.ASO","Tarapacá",35.23,63.2,68.83,8.17,194911,17347,212258,308400,96142,68667
"28","2022.SON","Tarapacá",36,61.51,67.24,8.52,189928,17689,207617,308785,101168,68372
"29","2022.OND","Tarapacá",37.22,61.09,66.99,8.8,188890,18215,207105,309179,102074,70307
"30","2022.NDE","Tarapacá",35.59,60.5,66.91,9.58,187293,19843,207136,309569,102433,66657
"31","2023.DEF","Tarapacá",34.2,60.79,67.06,9.34,188419,19419,207838,309943,102105,64431
"32","2023.EFM","Tarapacá",33.93,59.97,65.29,8.14,186109,16489,202597,310325,107728,63144
"33","2023.FMA","Tarapacá",33.88,60.27,65.21,7.57,187286,15336,202622,310721,108099,63445
"34","2023.MAM","Tarapacá",34.61,60.78,65.33,6.96,189093,14150,203242,311102,107860,65447
"35","2023.AMJ","Tarapacá",33.06,60.67,65.32,7.12,188973,14489,203462,311496,108034,62480
"36","2023.MJJ","Tarapacá",32.61,59.4,63.84,6.96,185240,13861,199100,311875,112775,60412
"37","2023.JJA","Tarapacá",32.72,59.38,63.4,6.35,185431,12571,198002,312286,114284,60678
"38","2020.JJA","Antofagasta",16.82,49.93,57.29,12.85,272674,40222,312896,546135,233239,45870
"39","2020.JAS","Antofagasta",15.97,49.87,56.98,12.48,272837,38905,311742,547061,235319,43566
"40","2020.ASO","Antofagasta",18.61,52.09,59.29,12.15,285442,39478,324920,547984,223064,53126
"41","2020.SON","Antofagasta",20.73,52.89,58.9,10.2,290308,32981,323290,548894,225604,60172
"42","2020.OND","Antofagasta",20.99,52.9,59.3,10.78,290879,35154,326032,549832,223800,61058
"43","2020.NDE","Antofagasta",20.48,52.64,59.03,10.83,289894,35191,325086,550737,225651,59356
"44","2021.DEF","Antofagasta",20.45,53.7,60.49,11.22,296248,37422,333670,551657,217987,60584
"45","2021.EFM","Antofagasta",20.77,53.66,60.08,10.7,296500,35512,332012,552578,220566,61578
"46","2021.FMA","Antofagasta",22.28,53.8,60.14,10.54,297777,35081,332857,553511,220654,66358
"47","2021.MAM","Antofagasta",23.27,54.07,60.46,10.57,299782,35443,335225,554419,219194,69764
"48","2021.AMJ","Antofagasta",24.61,54.93,60.47,9.17,305031,30811,335842,555355,219513,75080
"49","2021.MJJ","Antofagasta",23.76,55.33,60.79,8.99,307789,30386,338176,556268,218092,73144
"50","2021.JJA","Antofagasta",23.39,54.63,60.21,9.27,304302,31105,335407,557017,221610,71170
"51","2021.JAS","Antofagasta",22.46,55.71,61.65,9.64,310598,33151,343749,557565,213816,69758
"52","2021.ASO","Antofagasta",22.75,56.87,62.58,9.13,317380,31876,349256,558091,208835,72193
"53","2021.SON","Antofagasta",23.58,57.56,63.03,8.68,321552,30577,352129,558654,206525,75812
"54","2021.OND","Antofagasta",24.4,58.29,63.47,8.17,325952,28994,354946,559200,204254,79537
"55","2021.NDE","Antofagasta",23.6,58.36,63.78,8.5,326689,30339,357028,559743,202715,77099
"56","2022.DEF","Antofagasta",23.46,58.78,63.98,8.13,329333,29132,358465,560262,201797,77256
"57","2022.EFM","Antofagasta",21.98,57.51,63.18,8.98,322499,31812,354311,560810,206499,70883
"58","2022.FMA","Antofagasta",22.24,57.54,62.44,7.85,323011,27504,350515,561355,210840,71833
"59","2022.MAM","Antofagasta",23.14,58.3,63.09,7.59,327593,26914,354507,561916,207409,75795
"60","2022.AMJ","Antofagasta",23.65,58.69,63.07,6.94,330111,24635,354746,562471,207725,78077
"61","2022.MJJ","Antofagasta",22.96,58.24,62.81,7.26,327923,25685,353608,563018,209410,75303
"62","2022.JJA","Antofagasta",23.47,58.41,63.17,7.53,329184,26819,356004,563536,207532,77269
"63","2022.JAS","Antofagasta",22.54,58.08,63.42,8.42,327570,30125,357696,564016,206320,73831
"64","2022.ASO","Antofagasta",22.14,58.14,63.9,9.01,328207,32509,360716,564507,203791,72677
"65","2022.SON","Antofagasta",20.73,58.64,64.35,8.86,331330,32214,363544,564989,201445,68668
"66","2022.OND","Antofagasta",20.98,58.56,64.22,8.82,331119,32024,363143,565440,202297,69475
"67","2022.NDE","Antofagasta",21.14,58.46,63.84,8.42,330851,30426,361277,565931,204654,69953
"68","2023.DEF","Antofagasta",20.99,58.08,63.93,9.15,328961,33136,362097,566401,204304,69064
"69","2023.EFM","Antofagasta",20.58,58.75,64.92,9.5,333043,34976,368020,566885,198865,68528
"70","2023.FMA","Antofagasta",20.36,58.84,64.99,9.46,333827,34863,368690,567345,198655,67956
"71","2023.MAM","Antofagasta",20,59.67,65.4,8.76,338829,32520,371349,567830,196481,67758
"72","2023.AMJ","Antofagasta",21.18,60.34,65.3,7.6,342936,28199,371135,568316,197181,72623
"73","2023.MJJ","Antofagasta",20.83,61.27,65.69,6.72,348513,25124,373637,568790,195153,72604
"74","2023.JJA","Antofagasta",20.51,60.36,64.59,6.54,343639,24035,367674,569271,201597,70474
"75","2020.JJA","Atacama",17.93,48.35,55.46,12.82,118050,17357,135406,244150,108744,21170
"76","2020.JAS","Atacama",18.92,49.25,55.87,11.84,120341,16169,136510,244340,107830,22764
"77","2020.ASO","Atacama",21.48,49.25,55.72,11.62,120425,15839,136263,244533,108270,25862
"78","2020.SON","Atacama",24.34,50.29,56.95,11.69,123076,16292,139368,244737,105369,29961
"79","2020.OND","Atacama",26.47,51.76,57.85,10.52,126779,14905,141683,244925,103242,33561
"80","2020.NDE","Atacama",26.8,52.22,58.56,10.83,128003,15545,143548,245127,101579,34309
"81","2021.DEF","Atacama",26.33,51.51,57.53,10.46,126375,14768,141142,245320,104178,33269
"82","2021.EFM","Atacama",25.3,51.56,57.82,10.84,126579,15382,141961,245509,103548,32019
"83","2021.FMA","Atacama",24.86,52.14,58.65,11.1,128115,15994,144109,245707,101598,31850
"84","2021.MAM","Atacama",25.04,52.8,59.15,10.74,129832,15628,145459,245903,100444,32503
"85","2021.AMJ","Atacama",24.2,52.61,58.89,10.67,129464,15464,144928,246101,101173,31333
"86","2021.MJJ","Atacama",25.46,53.45,59,9.41,131645,13671,145316,246291,100975,33521
"87","2021.JJA","Atacama",25.8,53.38,59.14,9.74,131560,14202,145763,246473,100710,33947
"88","2021.JAS","Atacama",27.06,54.67,59.67,8.39,134829,12341,147171,246640,99469,36492
"89","2021.ASO","Atacama",26.17,55.06,59.93,8.12,135897,12006,147903,246806,98903,35571
"90","2021.SON","Atacama",27.76,56.54,60.53,6.59,139622,9851,149473,246957,97484,38758
"91","2021.OND","Atacama",26.88,56.88,61.33,7.27,140551,11012,151563,247113,95550,37781
"92","2021.NDE","Atacama",25.47,57.64,62.2,7.34,142517,11295,153812,247270,93458,36300
"93","2022.DEF","Atacama",24.51,57.03,62.07,8.12,141115,12474,153589,247450,93861,34583
"94","2022.EFM","Atacama",24.29,56.35,61.47,8.33,139527,12674,152201,247613,95412,33885
"95","2022.FMA","Atacama",24.86,55.95,60.89,8.11,138623,12243,150865,247777,96912,34458
"96","2022.MAM","Atacama",24.63,55.46,60.52,8.36,137506,12545,150051,247921,97870,33861
"97","2022.AMJ","Atacama",24.07,55.04,60.43,8.92,136553,13368,149922,248096,98174,32862
"98","2022.MJJ","Atacama",25.28,54.99,60.53,9.15,136503,13755,150258,248241,97983,34511
"99","2022.JJA","Atacama",25.86,56.02,61.39,8.74,139168,13334,152503,248405,95902,35990
"100","2022.JAS","Atacama",26.96,58.47,62.8,6.89,145328,10761,156089,248552,92463,39180
"101","2022.ASO","Atacama",27.74,59.02,63.18,6.59,146784,10353,157137,248697,91560,40722
"102","2022.SON","Atacama",28.32,59.1,63.42,6.82,147068,10770,157838,248861,91023,41646
"103","2022.OND","Atacama",27.25,59.7,64.6,7.59,148657,12203,160860,249016,88156,40502
"104","2022.NDE","Atacama",25.66,59.73,64.94,8.01,148850,12968,161818,249189,87371,38196
"105","2023.DEF","Atacama",26.39,60.15,65.54,8.22,149976,13439,163415,249344,85929,39574
"106","2023.EFM","Atacama",27.5,59.15,64.9,8.87,147566,14359,161925,249497,87572,40584
"107","2023.FMA","Atacama",28.04,59.36,65.84,9.84,148189,16177,164366,249660,85294,41557
"108","2023.MAM","Atacama",27.74,58.75,65.5,10.3,146765,16856,163621,249808,86187,40716
"109","2023.AMJ","Atacama",28.67,59.26,65.48,9.5,148134,15555,163689,249979,86290,42465
"110","2023.MJJ","Atacama",28.8,58.94,64.77,9,147428,14586,162014,250132,88118,42464
"111","2023.JJA","Atacama",27.63,59.22,64.61,8.34,148235,13491,161726,250317,88591,40959
"112","2020.JJA","Coquimbo",30.32,43.82,52.22,16.08,291745,55922,347667,665784,318117,88446
"113","2020.JAS","Coquimbo",30,43.73,50.97,14.21,291578,48295,339873,666754,326881,87466
"114","2020.ASO","Coquimbo",32.93,45.01,51.83,13.17,300525,45566,346092,667707,321615,98977
"115","2020.SON","Coquimbo",32.78,46.74,53.35,12.39,312524,44190,356714,668669,311955,102441
"116","2020.OND","Coquimbo",34.28,47.24,54.02,12.55,316330,45406,361736,669617,307881,108437
"117","2020.NDE","Coquimbo",32.47,48.85,55.65,12.22,327580,45608,373188,670563,297375,106369
"118","2021.DEF","Coquimbo",32,49.73,55.73,10.77,333932,40290,374222,671524,297302,106865
"119","2021.EFM","Coquimbo",30.29,49.54,54.76,9.53,333168,35088,368256,672502,304246,100919
"120","2021.FMA","Coquimbo",29.48,48.55,53.25,8.82,326984,31638,358622,673433,314811,96386
"121","2021.MAM","Coquimbo",29.88,47.08,52,9.47,317486,33219,350705,674408,323703,94852
"122","2021.AMJ","Coquimbo",29.7,46.84,51.81,9.6,316308,33580,349888,675359,325471,93950
"123","2021.MJJ","Coquimbo",29.69,47.27,52.49,9.94,319718,35273,354992,676314,321322,94911
"124","2021.JJA","Coquimbo",27.72,48.13,52.81,8.87,325917,31723,357641,677208,319567,90347
"125","2021.JAS","Coquimbo",28.7,49.15,54.16,9.25,333280,33964,367244,678058,310814,95652
"126","2021.ASO","Coquimbo",29.06,49.27,54.45,9.51,334488,35171,369659,678938,309279,97213
"127","2021.SON","Coquimbo",30.19,49.29,54.87,10.17,335067,37939,373006,679766,306760,101156
"128","2021.OND","Coquimbo",29.34,49.61,55.02,9.83,337679,36793,374472,680634,306162,99092
"129","2021.NDE","Coquimbo",29.89,50.08,54.98,8.9,341316,33345,374661,681490,306829,102035
"130","2022.DEF","Coquimbo",30.92,49.77,54.71,9.03,339614,33723,373337,682349,309012,104993
"131","2022.EFM","Coquimbo",31.65,49.53,54.26,8.73,338375,32357,370731,683214,312483,107087
"132","2022.FMA","Coquimbo",30.03,50.04,55.15,9.27,342283,34955,377239,684083,306844,102804
"133","2022.MAM","Coquimbo",29.92,50.93,56.32,9.56,348835,36881,385715,684920,299205,104366
"134","2022.AMJ","Coquimbo",30.73,51.61,56.87,9.26,353929,36116,390045,685798,295753,108774
"135","2022.MJJ","Coquimbo",31.18,52.17,56.89,8.29,358238,32380,390618,686648,296030,111696
"136","2022.JJA","Coquimbo",32.55,52.25,56.74,7.91,359233,30848,390081,687486,297405,116933
"137","2022.JAS","Coquimbo",32.38,52.13,56.63,7.94,358855,30937,389792,688362,298570,116209
"138","2022.ASO","Coquimbo",33.39,52.39,57.29,8.56,361105,33797,394902,689251,294349,120587
"139","2022.SON","Coquimbo",31.9,52.48,57.32,8.44,362210,33406,395616,690128,294512,115556
"140","2022.OND","Coquimbo",32.65,52.96,58.09,8.84,365935,35484,401419,691013,289594,119483
"141","2022.NDE","Coquimbo",31.23,53.47,58.53,8.64,369958,34998,404956,691899,286943,115521
"142","2023.DEF","Coquimbo",31.63,54.12,59.13,8.48,374904,34746,409650,692770,283120,118572
"143","2023.EFM","Coquimbo",30.26,54,59.23,8.83,374563,36261,410824,693653,282829,113360
"144","2023.FMA","Coquimbo",32.63,53.36,58.78,9.21,370645,37596,408240,694554,286314,120955
"145","2023.MAM","Coquimbo",31.98,53.25,58.4,8.83,370292,35850,406142,695422,289280,118408
"146","2023.AMJ","Coquimbo",32.03,53.55,58.8,8.92,372877,36515,409392,696296,286904,119450
"147","2023.MJJ","Coquimbo",31.64,53.71,59.42,9.61,374460,39792,414252,697186,282934,118474
"148","2023.JJA","Coquimbo",32.16,52.66,59.39,11.33,367654,46960,414614,698114,283500,118234
"149","2020.JJA","Valparaíso",21.45,41.74,48.58,14.08,668115,109527,777641,1600632,822991,143288
"150","2020.JAS","Valparaíso",22.21,42.45,49.57,14.37,680185,114106,794291,1602234,807943,151096
"151","2020.ASO","Valparaíso",25.46,45.27,52,12.93,726132,107842,833974,1603872,769898,184898
"152","2020.SON","Valparaíso",27.95,47.21,53.56,11.85,757989,101857,859846,1605465,745619,211883
"153","2020.OND","Valparaíso",28.33,48.53,54.4,10.79,779889,94343,874232,1607109,732877,220941
"154","2020.NDE","Valparaíso",28.98,48.98,54.76,10.56,787931,93073,881005,1608740,727735,228314
"155","2021.DEF","Valparaíso",28.99,49.73,55.48,10.37,800754,92656,893411,1610356,716945,232125
"156","2021.EFM","Valparaíso",28.38,49.59,55.1,10,799428,88794,888222,1611972,723750,226911
"157","2021.FMA","Valparaíso",26.9,48.22,53.95,10.63,778031,92587,870618,1613615,742997,209274
"158","2021.MAM","Valparaíso",25.75,47.77,53.49,10.7,771553,92422,863975,1615233,751258,198690
"159","2021.AMJ","Valparaíso",26.16,48.06,53.8,10.67,777070,92782,869852,1616827,746975,203244
"160","2021.MJJ","Valparaíso",26.68,49.32,54.64,9.74,798207,86174,884381,1618428,734047,212995
"161","2021.JJA","Valparaíso",27.74,50.48,55.63,9.26,817791,83469,901260,1619997,718737,226885
"162","2021.JAS","Valparaíso",27.81,50.37,55.19,8.73,816627,78150,894777,1621408,726631,227066
"163","2021.ASO","Valparaíso",28.94,51.53,55.98,7.95,836309,72212,908521,1622850,714329,242003
"164","2021.SON","Valparaíso",29.15,52.02,56.06,7.22,844900,65736,910636,1624287,713651,246306
"165","2021.OND","Valparaíso",29.75,52.88,57.1,7.4,859653,68649,928302,1625731,697429,255714
"166","2021.NDE","Valparaíso",29.55,53.3,57.53,7.35,867303,68804,936107,1627131,691024,256324
"167","2022.DEF","Valparaíso",29.16,53.45,57.96,7.78,870507,73448,943956,1628584,684628,253866
"168","2022.EFM","Valparaíso",28.02,53.45,58.02,7.87,871294,74433,945728,1630011,684283,244128
"169","2022.FMA","Valparaíso",28.8,53.03,57.78,8.21,865191,77395,942586,1631413,688827,249181
"170","2022.MAM","Valparaíso",28.75,52.74,57.6,8.43,861226,79248,940474,1632834,692360,247586
"171","2022.AMJ","Valparaíso",29.54,53.05,57.74,8.13,866933,76723,943656,1634312,690656,256084
"172","2022.MJJ","Valparaíso",28.99,52.76,57.69,8.54,863031,80546,943577,1635729,692152,250231
"173","2022.JJA","Valparaíso",29.56,53.23,58.15,8.46,871468,80590,952058,1637152,685094,257636
"174","2022.JAS","Valparaíso",28.56,53.94,59.18,8.87,883790,85988,969778,1638612,668834,252452
"175","2022.ASO","Valparaíso",29.28,53.96,58.83,8.29,884882,79968,964850,1640036,675186,259101
"176","2022.SON","Valparaíso",28.98,54.25,59.04,8.11,890445,78586,969031,1641444,672413,258072
"177","2022.OND","Valparaíso",29.42,54.25,58.75,7.66,891254,73888,965143,1642897,677754,262247
"178","2022.NDE","Valparaíso",28.67,54.86,59.5,7.8,902016,76362,978378,1644302,665924,258581
"179","2023.DEF","Valparaíso",28.43,54.34,58.81,7.6,894285,73592,967877,1645718,677841,254215
"180","2023.EFM","Valparaíso",28.66,53.86,58.77,8.34,887246,80732,967978,1647177,679199,254319
"181","2023.FMA","Valparaíso",28.24,53.8,58.47,7.99,886891,77023,963914,1648591,684677,250467
"182","2023.MAM","Valparaíso",28.4,54.36,59.14,8.09,896909,78962,975871,1650034,674163,254727
"183","2023.AMJ","Valparaíso",28.93,54.69,59.68,8.36,903215,82410,985625,1651478,665853,261307
"184","2023.MJJ","Valparaíso",29.49,54.51,59.99,9.14,901023,90599,991622,1652862,661240,265698
"185","2023.JJA","Valparaíso",30.34,54.75,60.44,9.42,905724,94173,999896,1654348,654452,274767
"186","2020.JJA","O'Higgins",20.94,45.42,52.11,12.84,361924,53313,415237,796910,381673,75803
"187","2020.JAS","O'Higgins",23.43,46.9,53.46,12.28,374147,52365,426513,797769,371256,87678
"188","2020.ASO","O'Higgins",26.88,48.65,55.02,11.59,388491,50943,439434,798613,359179,104426
"189","2020.SON","O'Higgins",27.84,49.69,55.54,10.54,397252,46784,444035,799432,355397,110609
"190","2020.OND","O'Higgins",26.58,50.66,56.34,10.07,405459,45400,450859,800312,349453,107754
"191","2020.NDE","O'Higgins",24.75,50.71,56.37,10.04,406251,45364,451615,801157,349542,100552
"192","2021.DEF","O'Higgins",24.29,51.55,56.91,9.42,413459,42999,456458,802009,345551,100423
"193","2021.EFM","O'Higgins",25.64,51,56.52,9.77,409418,44314,453732,802845,349113,104963
"194","2021.FMA","O'Higgins",25,49.93,55.28,9.67,401276,42953,444228,803661,359433,100304
"195","2021.MAM","O'Higgins",25.44,48.07,54.13,11.2,386743,48759,435502,804518,369016,98402
"196","2021.AMJ","O'Higgins",23.52,46.28,52.07,11.12,372715,46626,419341,805381,386040,87678
"197","2021.MJJ","O'Higgins",24.49,46.87,52.34,10.46,377870,44121,421990,806227,384237,92547
"198","2021.JJA","O'Higgins",24.93,47.36,51.75,8.48,382230,35424,417654,807064,389410,95299
"199","2021.JAS","O'Higgins",27.01,48.46,52.45,7.61,391478,32238,423716,807827,384111,105734
"200","2021.ASO","O'Higgins",28.07,49.14,53.28,7.76,397371,33417,430789,808585,377796,111544
"201","2021.SON","O'Higgins",29.28,50.17,54.37,7.73,406061,34002,440062,809369,369307,118877
"202","2021.OND","O'Higgins",29.56,52.17,56.11,7.02,422628,31910,454538,810115,355577,124943
"203","2021.NDE","O'Higgins",29.17,53.54,57.27,6.51,434153,30246,464399,810911,346512,126631
"204","2022.DEF","O'Higgins",29.06,55.14,58.91,6.39,447592,30537,478129,811683,333554,130050
"205","2022.EFM","O'Higgins",28.41,54.46,58.42,6.77,442501,32147,474648,812462,337814,125708
"206","2022.FMA","O'Higgins",28.07,54.54,58.39,6.58,443565,31252,474816,813212,338396,124511
"207","2022.MAM","O'Higgins",28.08,52.73,56.83,7.22,429227,33405,462632,814009,351377,120506
"208","2022.AMJ","O'Higgins",27.78,51.64,56.13,8,420700,36599,457299,814733,357434,116862
"209","2022.MJJ","O'Higgins",27.93,51.1,55.38,7.72,416749,34846,451595,815513,363918,116383
"210","2022.JJA","O'Higgins",28.32,51.8,55.98,7.46,422887,34082,456969,816314,359345,119782
"211","2022.JAS","O'Higgins",29.34,51.85,55.94,7.31,423665,33421,457086,817077,359991,124288
"212","2022.ASO","O'Higgins",29.02,51.79,55.79,7.16,423586,32692,456278,817878,361600,122910
"213","2022.SON","O'Higgins",29.59,52.04,55.59,6.39,425994,29079,455074,818647,363573,126066
"214","2022.OND","O'Higgins",28.09,52.45,55.69,5.8,429838,26484,456323,819458,363135,120725
"215","2022.NDE","O'Higgins",28.58,52.29,55.8,6.29,428926,28783,457709,820272,362563,122603
"216","2023.DEF","O'Higgins",27.22,52,55.87,6.93,426982,31793,458775,821085,362310,116222
"217","2023.EFM","O'Higgins",29.13,52.35,56.76,7.77,430263,36232,466495,821846,355351,125330
"218","2023.FMA","O'Higgins",27.98,52.41,57.4,8.69,431173,41016,472189,822652,350463,120644
"219","2023.MAM","O'Higgins",29.21,50.67,56.39,10.14,417244,47075,464319,823440,359121,121876
"220","2023.AMJ","O'Higgins",28.32,50.03,56.27,11.1,412349,51476,463825,824234,360409,116759
"221","2023.MJJ","O'Higgins",29.07,50.62,56.48,10.39,417620,48408,466028,825048,359020,121409
"222","2023.JJA","O'Higgins",29.55,51.52,56.89,9.44,425461,44336,469797,825852,356055,125706
"223","2020.JJA","Maule",23.82,44.89,50.35,10.85,409082,49792,458875,911371,452496,97452
"224","2020.JAS","Maule",24.6,46.33,51.7,10.39,422625,49021,471646,912269,440623,103962
"225","2020.ASO","Maule",27.17,47.95,53.17,9.82,437821,47694,485515,913171,427656,118936
"226","2020.SON","Maule",28.35,49.77,55.16,9.77,454932,49269,504202,914065,409863,128974
"227","2020.OND","Maule",29.67,51.77,56.11,7.73,473669,39689,513358,914979,401621,140543
"228","2020.NDE","Maule",29.72,51.27,55.54,7.69,469554,39126,508680,915886,407206,139538
"229","2021.DEF","Maule",29.67,50.45,54.29,7.07,462559,35190,497750,916807,419057,137227
"230","2021.EFM","Maule",28.64,49.4,53.48,7.63,453345,37468,490814,917720,426906,129820
"231","2021.FMA","Maule",28.6,48.91,52.55,6.92,449303,33419,482722,918625,435903,128514
"232","2021.MAM","Maule",27.95,47.79,51.86,7.85,439482,37426,476908,919528,442620,122824
"233","2021.AMJ","Maule",27.83,46.54,50.92,8.61,428356,40365,468721,920435,451714,119231
"234","2021.MJJ","Maule",27.94,46.67,51.11,8.69,430010,40939,470949,921370,450421,120141
"235","2021.JJA","Maule",29.89,47.61,51.36,7.32,439040,34662,473702,922242,448540,131213
"236","2021.JAS","Maule",30.56,48.9,52.67,7.17,451389,34867,486256,923130,436874,137948
"237","2021.ASO","Maule",30.89,49.79,53.08,6.18,460093,30327,490421,923982,433561,142131
"238","2021.SON","Maule",29.34,50.65,53.77,5.8,468442,28839,497281,924805,427524,137450
"239","2021.OND","Maule",29.74,52.81,55.4,4.68,488841,24015,512856,925682,412826,145376
"240","2021.NDE","Maule",29.08,53.67,56.57,5.12,497295,26862,524157,926552,402395,144635
"241","2022.DEF","Maule",30.01,54.33,56.98,4.65,503876,24580,528457,927381,398924,151202
"242","2022.EFM","Maule",30.71,53.85,56.58,4.83,499844,25343,525187,928253,403066,153495
"243","2022.FMA","Maule",31.46,53.59,56.37,4.94,497892,25892,523784,929131,405347,156652
"244","2022.MAM","Maule",30.99,53.47,56.85,5.94,497246,31397,528643,929968,401325,154116
"245","2022.AMJ","Maule",28.74,51.75,55.34,6.48,481756,33391,515148,930843,415695,138462
"246","2022.MJJ","Maule",28.62,51.08,55.33,7.68,475951,39577,515528,931712,416184,136214
"247","2022.JJA","Maule",29.13,50.56,54.68,7.53,471519,38400,509919,932541,422622,137373
"248","2022.JAS","Maule",30.82,50.61,55.22,8.35,472409,43025,515434,933410,417976,145589
"249","2022.ASO","Maule",31.49,50.5,54.42,7.2,471798,36598,508397,934272,425875,148558
"250","2022.SON","Maule",30.7,51.38,55.9,8.08,480441,42260,522701,935122,412421,147485
"251","2022.OND","Maule",31.07,54.01,57.91,6.74,505563,36524,542087,936005,393918,157094
"252","2022.NDE","Maule",31.17,55.78,59.87,6.84,522579,38365,560944,936886,375942,162897
"253","2023.DEF","Maule",31.81,55.96,59.75,6.34,524747,35534,560281,937736,377455,166922
"254","2023.EFM","Maule",32.77,54.86,59.41,7.65,514923,42684,557607,938587,380980,168752
"255","2023.FMA","Maule",32.34,53.51,58.47,8.48,502689,46596,549286,939478,390192,162567
"256","2023.MAM","Maule",33.41,52.96,58.21,9.01,498006,49309,547315,940310,392995,166395
"257","2023.AMJ","Maule",33.73,51.65,56.72,8.94,486157,47734,533891,941195,407304,163997
"258","2023.MJJ","Maule",34.86,51.87,57.05,9.09,488641,48841,537482,942063,404581,170327
"259","2023.JJA","Maule",33.39,52.09,57.47,9.36,491171,50716,541887,942946,401059,164015
"260","2020.JJA","Biobío",21.16,43.78,48.8,10.3,589637,67706,657343,1346963,689620,124773
"261","2020.JAS","Biobío",21.27,43.99,49.01,10.24,592831,67638,660469,1347720,687251,126096
"262","2020.ASO","Biobío",22.14,44.48,49.67,10.45,599741,70016,669757,1348457,678700,132778
"263","2020.SON","Biobío",23.2,44.89,50.18,10.55,605637,71397,677034,1349246,672212,140520
"264","2020.OND","Biobío",23.76,44.84,49.98,10.3,605274,69470,674744,1349989,675245,143807
"265","2020.NDE","Biobío",23.77,45.63,50.65,9.91,616396,67823,684219,1350803,666584,146496
"266","2021.DEF","Biobío",23.95,45.91,51.03,10.04,620463,69270,689734,1351542,661808,148579
"267","2021.EFM","Biobío",25.23,46.24,51.05,9.44,625227,65148,690375,1352273,661898,157746
"268","2021.FMA","Biobío",24.67,46,50.35,8.64,622373,58864,681237,1353053,671816,153539
"269","2021.MAM","Biobío",24.89,46.31,50.02,7.42,627009,50243,677252,1353829,676577,156050
"270","2021.AMJ","Biobío",24.97,46.26,49.9,7.3,626639,49322,675960,1354575,678615,156459
"271","2021.MJJ","Biobío",25.47,46.79,50.63,7.58,634174,51987,686161,1355331,669170,161545
"272","2021.JJA","Biobío",25.47,47.18,51.31,8.06,639829,56064,695893,1356136,660243,162980
"273","2021.JAS","Biobío",25.37,47.18,51.48,8.36,640118,58426,698544,1356882,658338,162377
"274","2021.ASO","Biobío",25.8,48.04,52.25,8.06,652209,57186,709395,1357584,648189,168290
"275","2021.SON","Biobío",24.79,48.17,52.14,7.62,654290,53984,708274,1358335,650061,162225
"276","2021.OND","Biobío",24.88,48.4,51.8,6.57,657773,46225,703999,1359046,655047,163671
"277","2021.NDE","Biobío",25.63,48.52,52.46,7.51,659770,53539,713309,1359799,646490,169105
"278","2022.DEF","Biobío",25.65,48.77,52.51,7.12,663475,50878,714353,1360502,646149,170164
"279","2022.EFM","Biobío",24.79,49.06,53.48,8.25,667888,60067,727955,1361264,633309,165560
"280","2022.FMA","Biobío",24.08,49.09,53.06,7.49,668598,54151,722748,1362042,639294,160972
"281","2022.MAM","Biobío",24.99,50.02,54.11,7.56,681663,55766,737430,1362752,625322,170363
"282","2022.AMJ","Biobío",24.78,50.18,54.07,7.2,684187,53053,737239,1363466,626227,169542
"283","2022.MJJ","Biobío",24.67,50.05,53.86,7.08,682789,51996,734786,1364186,629400,168412
"284","2022.JJA","Biobío",24.33,49.83,53.7,7.21,680175,52853,733028,1364927,631899,165464
"285","2022.JAS","Biobío",25.71,50.09,53.73,6.77,684026,49679,733706,1365602,631896,175836
"286","2022.ASO","Biobío",26.27,50.69,54.38,6.79,692564,50452,743016,1366340,623324,181906
"287","2022.SON","Biobío",27.14,50.75,54.16,6.3,693793,46615,740408,1367029,626621,188304
"288","2022.OND","Biobío",26.88,51.51,55.25,6.78,704517,51223,755740,1367744,612004,189383
"289","2022.NDE","Biobío",27.36,50.9,54.6,6.77,696546,50570,747115,1368449,621334,190595
"290","2023.DEF","Biobío",26.95,50.38,54.15,6.97,689785,51646,741431,1369121,627690,185892
"291","2023.EFM","Biobío",27.66,49.83,53.73,7.26,682626,53419,736045,1369869,633824,188827
"292","2023.FMA","Biobío",27.75,50.03,54.17,7.64,685670,56748,742418,1370591,628173,190303
"293","2023.MAM","Biobío",27.99,50.26,54.72,8.15,689148,61148,750295,1371240,620945,192921
"294","2023.AMJ","Biobío",26.7,50.35,54.88,8.25,690745,62138,752883,1371969,619086,184432
"295","2023.MJJ","Biobío",26.4,50,54.51,8.27,686267,61908,748174,1372654,624480,181172
"296","2023.JJA","Biobío",26.04,49.92,54.64,8.64,685605,64821,750426,1373351,622925,178536
"297","2020.JJA","Araucanía",28.45,39.67,45.52,12.84,322145,47460,369605,812030,442425,91639
"298","2020.JAS","Araucanía",30.99,40.28,45.39,11.26,327262,41508,368769,812530,443761,101427
"299","2020.ASO","Araucanía",31.9,41.24,46.05,10.44,335271,39089,374359,813013,438654,106960
"300","2020.SON","Araucanía",31.56,40.62,44.99,9.7,330497,35497,365994,813544,447550,104302
"301","2020.OND","Araucanía",29.94,41.18,45.29,9.08,335218,33460,368678,814100,445422,100361
"302","2020.NDE","Araucanía",29.74,43,46.88,8.28,350259,31602,381862,814613,432751,104168
"303","2021.DEF","Araucanía",29.59,45.1,48.97,7.9,367658,31552,399210,815145,415935,108790
"304","2021.EFM","Araucanía",31.02,44.29,47.97,7.67,361232,30028,391260,815653,424393,112037
"305","2021.FMA","Araucanía",30.35,43.6,47.64,8.48,355809,32986,388795,816167,427372,107975
"306","2021.MAM","Araucanía",29.57,42.67,46.6,8.43,348514,32087,380601,816710,436109,103054
"307","2021.AMJ","Araucanía",28.33,41.98,45.97,8.68,343031,32622,375653,817213,441560,97182
"308","2021.MJJ","Araucanía",29.87,42.57,46.25,7.94,348140,30045,378185,817755,439570,103990
"309","2021.JJA","Araucanía",30.41,43.14,46.66,7.54,352968,28802,381769,818262,436493,107346
"310","2021.JAS","Araucanía",33.02,44.36,47.75,7.09,363200,27726,390927,818752,427825,119933
"311","2021.ASO","Araucanía",34.08,45.37,48.58,6.61,371679,26307,397986,819258,421272,126656
"312","2021.SON","Araucanía",34.83,46.75,49.74,6.01,383271,24490,407761,819757,411996,133504
"313","2021.OND","Araucanía",34.12,48.39,50.93,5,396900,20886,417786,820274,402488,135441
"314","2021.NDE","Araucanía",33.67,48.92,51.6,5.21,401480,22057,423537,820770,397233,135196
"315","2022.DEF","Araucanía",34.48,49.6,52.99,6.41,407321,27878,435199,821231,386032,140444
"316","2022.EFM","Araucanía",35.76,49.22,53.02,7.16,404477,31173,435651,821704,386053,144655
"317","2022.FMA","Araucanía",36.96,49.61,53.93,8.02,407914,35571,443485,822260,378775,150780
"318","2022.MAM","Araucanía",36.83,49.85,54.09,7.84,410172,34901,445073,822772,377699,151073
"319","2022.AMJ","Araucanía",34.76,49.15,53.51,8.14,404613,35850,440463,823202,382739,140662
"320","2022.MJJ","Araucanía",33.79,48.48,52.5,7.67,399305,33166,432471,823714,391243,134916
"321","2022.JJA","Araucanía",35.16,48.57,52.59,7.65,400268,33173,433441,824186,390745,140752
"322","2022.JAS","Araucanía",37.02,48.6,52.9,8.13,400840,35454,436295,824701,388406,148376
"323","2022.ASO","Araucanía",37.9,49.75,54.51,8.73,410561,39256,449817,825187,375370,155618
"324","2022.SON","Araucanía",36.82,50.15,54.81,8.49,414095,38441,452536,825672,373136,152456
"325","2022.OND","Araucanía",36.77,50.73,55.13,7.99,419090,36377,455466,826158,370692,154094
"326","2022.NDE","Araucanía",35.18,50.48,54.4,7.2,417287,32383,449671,826642,376971,146799
"327","2023.DEF","Araucanía",35.31,50.58,54.52,7.22,418394,32572,450966,827117,376151,147750
"328","2023.EFM","Araucanía",34.53,51.16,55.22,7.35,423443,33611,457054,827626,370572,146220
"329","2023.FMA","Araucanía",36.17,51.8,55.72,7.03,428982,32417,461399,828141,366742,155179
"330","2023.MAM","Araucanía",34.69,50.87,54.71,7.02,421537,31836,453372,828628,375256,146230
"331","2023.AMJ","Araucanía",35.62,49.82,53.73,7.28,413074,32433,445507,829092,383585,147132
"332","2023.MJJ","Araucanía",34.9,49.89,53.97,7.56,413921,33845,447766,829603,381837,144472
"333","2023.JJA","Araucanía",35.49,50.05,54.32,7.86,415447,35462,450910,830066,379156,147436
"334","2020.JJA","Los Lagos",23.53,42.6,47.6,10.5,305468,35821,341289,717041,375752,71888
"335","2020.JAS","Los Lagos",23.25,43.1,46.23,6.77,309345,22453,331797,717662,385865,71916
"336","2020.ASO","Los Lagos",24.4,44.1,45.87,3.87,316781,12751,329532,718331,388799,77305
"337","2020.SON","Los Lagos",26.55,44.35,45.73,3,318895,9864,328760,718973,390213,84681
"338","2020.OND","Los Lagos",27.47,43.69,45.22,3.37,314433,10960,325392,719648,394256,86366
"339","2020.NDE","Los Lagos",26.29,45.47,47.21,3.69,327493,12562,340055,720292,380237,86090
"340","2021.DEF","Los Lagos",24.34,46.57,48.4,3.79,335706,13209,348914,720933,372019,81699
"341","2021.EFM","Los Lagos",26.07,47.46,49.39,3.9,342446,13904,356350,721552,365202,89287
"342","2021.FMA","Los Lagos",26.19,46.56,48.35,3.69,336288,12871,349159,722196,373037,88080
"343","2021.MAM","Los Lagos",27.49,45.65,47.67,4.24,329980,14622,344602,722839,378237,90707
"344","2021.AMJ","Los Lagos",24.98,44.74,46.5,3.8,323684,12787,336470,723516,387046,80846
"345","2021.MJJ","Los Lagos",25.86,44.81,46.65,3.93,324517,13275,337792,724139,386347,83925
"346","2021.JJA","Los Lagos",25.93,45,46.59,3.41,326128,11522,337649,724725,387076,84576
"347","2021.JAS","Los Lagos",26.71,45.44,46.85,3.03,329544,10282,339826,725304,385478,88029
"348","2021.ASO","Los Lagos",27.16,45.28,46.56,2.75,328728,9280,338008,725914,387906,89269
"349","2021.SON","Los Lagos",27.33,45.75,47.01,2.69,332366,9174,341540,726497,384957,90839
"350","2021.OND","Los Lagos",27.58,45.42,47.06,3.5,330234,11964,342198,727090,384892,91088
"351","2021.NDE","Los Lagos",29.34,44.83,46.21,2.97,326222,10002,336224,727648,391424,95714
"352","2022.DEF","Los Lagos",29.69,45.06,46.49,3.06,328188,10345,338532,728258,389726,97430
"353","2022.EFM","Los Lagos",29.76,46.15,47.33,2.48,336394,8548,344942,728846,383904,100120
"354","2022.FMA","Los Lagos",27.91,47.58,49.31,3.52,347031,12671,359702,729422,369720,96851
"355","2022.MAM","Los Lagos",27.25,47.48,49.27,3.62,346637,13008,359645,729999,370354,94457
"356","2022.AMJ","Los Lagos",25.77,48.18,50.54,4.66,351987,17222,369210,730601,361391,90704
"357","2022.MJJ","Los Lagos",25.68,48.5,50.88,4.68,354601,17397,371998,731180,359182,91050
"358","2022.JJA","Los Lagos",27.09,47.78,50.57,5.52,349647,20416,370063,731798,361735,94715
"359","2022.JAS","Los Lagos",29.02,46.37,48.61,4.61,339633,16405,356039,732373,376334,98562
"360","2022.ASO","Los Lagos",29.05,46.17,48.31,4.43,338448,15688,354137,733031,378894,98316
"361","2022.SON","Los Lagos",28.81,45.63,47.46,3.86,334781,13430,348211,733652,385441,96442
"362","2022.OND","Los Lagos",29.02,46.15,47.89,3.65,338839,12825,351664,734276,382612,98326
"363","2022.NDE","Los Lagos",30.53,46.81,48.42,3.31,344032,11776,355808,734899,379091,105049
"364","2023.DEF","Los Lagos",29.19,47.21,49.04,3.74,347260,13501,360761,735588,374827,101363
"365","2023.EFM","Los Lagos",29.14,48.33,50.43,4.16,355773,15455,371228,736183,364955,103668
"366","2023.FMA","Los Lagos",27.59,48.48,50.8,4.58,357179,17160,374340,736822,362482,98543
"367","2023.MAM","Los Lagos",28.66,50.31,52.57,4.3,370972,16664,387636,737438,349802,106319
"368","2023.AMJ","Los Lagos",28.26,48.86,51.12,4.41,360659,16631,377290,738076,360786,101937
"369","2023.MJJ","Los Lagos",28.38,47.67,49.86,4.38,352170,16150,368320,738708,370388,99960
"370","2023.JJA","Los Lagos",28.27,46.71,48.68,4.04,345389,14560,359949,739384,379435,97655
"371","2020.JJA","Aysén",29.88,63.62,69.68,8.71,53432,5096,58528,83990,25462,15965
"372","2020.JAS","Aysén",31.75,63.74,68.32,6.7,53577,3846,57423,84055,26632,17009
"373","2020.ASO","Aysén",29.98,63.1,67.32,6.27,53075,3552,56628,84119,27491,15910
"374","2020.SON","Aysén",28.97,62.22,66.75,6.79,52369,3813,56182,84165,27983,15169
"375","2020.OND","Aysén",29.07,63.21,67.31,6.1,53242,3457,56699,84232,27533,15480
"376","2020.NDE","Aysén",30.6,64.72,68.01,4.85,54549,2778,57327,84289,26962,16692
"377","2021.DEF","Aysén",30.78,63.89,67.83,5.81,53899,3325,57224,84359,27135,16589
"378","2021.EFM","Aysén",30.92,64.07,67.68,5.34,54089,3050,57139,84420,27281,16723
"379","2021.FMA","Aysén",30.38,64.38,69.12,6.86,54384,4006,58391,84478,26087,16522
"380","2021.MAM","Aysén",31.11,65.47,69.58,5.9,55350,3471,58821,84540,25719,17219
"381","2021.AMJ","Aysén",31.1,62.76,66.86,6.14,53095,3475,56570,84603,28033,16510
"382","2021.MJJ","Aysén",32.76,63.03,65.54,3.82,53367,2121,55488,84665,29177,17483
"383","2021.JJA","Aysén",33.76,63.48,65.89,3.66,53780,2044,55824,84717,28893,18156
"384","2021.JAS","Aysén",32.38,65.51,67.79,3.38,55527,1940,57467,84768,27301,17980
"385","2021.ASO","Aysén",30.79,65.94,68.51,3.76,55929,2182,58112,84819,26707,17221
"386","2021.SON","Aysén",30.2,65.94,68.29,3.43,55963,1989,57952,84867,26915,16901
"387","2021.OND","Aysén",32.02,65.74,67.93,3.21,55843,1854,57697,84940,27243,17880
"388","2021.NDE","Aysén",31.21,64.9,67.36,3.64,55168,2086,57253,85000,27747,17216
"389","2022.DEF","Aysén",30.25,63.75,66.52,4.17,54220,2359,56579,85053,28474,16402
"390","2022.EFM","Aysén",30.34,64.77,68.22,5.06,55120,2935,58054,85104,27050,16723
"391","2022.FMA","Aysén",31.8,65.44,69.44,5.76,55730,3407,59137,85161,26024,17721
"392","2022.MAM","Aysén",31.75,66.86,71.47,6.45,56971,3930,60901,85211,24310,18087
"393","2022.AMJ","Aysén",30.42,67.88,72.41,6.26,57880,3862,61742,85270,23528,17607
"394","2022.MJJ","Aysén",30.63,68.21,72.49,5.9,58208,3647,61855,85334,23479,17832
"395","2022.JJA","Aysén",31.96,68.53,72,4.82,58525,2964,61489,85406,23917,18704
"396","2022.JAS","Aysén",32.08,68.41,71.72,4.61,58467,2826,61292,85459,24167,18754
"397","2022.ASO","Aysén",30.49,68.4,71.44,4.26,58492,2605,61097,85521,24424,17832
"398","2022.SON","Aysén",30.17,69.64,72.9,4.47,59593,2785,62378,85569,23191,17978
"399","2022.OND","Aysén",31.11,70.54,73.34,3.81,60400,2393,62793,85621,22828,18788
"400","2022.NDE","Aysén",31.77,70.84,73.78,3.98,60697,2518,63216,85678,22462,19282
"401","2023.DEF","Aysén",29.93,69.71,72.62,4.01,59778,2498,62276,85751,23475,17889
"402","2023.EFM","Aysén",30.94,69.51,72.71,4.39,59642,2740,62382,85800,23418,18451
"403","2023.FMA","Aysén",31.1,69.16,72.62,4.76,59393,2970,62363,85874,23511,18471
"404","2023.MAM","Aysén",31.62,68.62,72.58,5.45,58962,3400,62362,85927,23565,18642
"405","2023.AMJ","Aysén",30.15,66.59,71.24,6.53,57255,3999,61253,85985,24732,17260
"406","2023.MJJ","Aysén",28.88,66.15,70.92,6.72,56918,4098,61016,86038,25022,16440
"407","2023.JJA","Aysén",30.2,66.65,71.27,6.49,57380,3980,61360,86098,24738,17331
"408","2020.JJA","Magallanes",15.73,51.88,56.9,8.83,75774,7338,83112,146067,62955,11917
"409","2020.JAS","Magallanes",14.62,52.98,57.47,7.81,77457,6562,84019,146199,62180,11327
"410","2020.ASO","Magallanes",14.79,53.17,57.59,7.68,77811,6477,84288,146350,62062,11505
"411","2020.SON","Magallanes",16.69,53.18,57.87,8.11,77906,6879,84785,146498,61713,13003
"412","2020.OND","Magallanes",17.46,53.72,57.89,7.21,78786,6118,84904,146661,61757,13756
"413","2020.NDE","Magallanes",18.78,55.91,59.17,5.51,82078,4790,86868,146815,59947,15411
"414","2021.DEF","Magallanes",19.7,56.18,59.24,5.16,82579,4497,87076,146984,59908,16267
"415","2021.EFM","Magallanes",20.97,57.51,60.95,5.65,84604,5062,89666,147118,57452,17743
"416","2021.FMA","Magallanes",19.91,58.03,61.85,6.19,85455,5637,91092,147270,56178,17013
"417","2021.MAM","Magallanes",18.58,58.68,61.76,4.99,86506,4545,91051,147421,56370,16074
"418","2021.AMJ","Magallanes",18.03,58.61,61.94,5.38,86492,4921,91413,147575,56162,15597
"419","2021.MJJ","Magallanes",16.79,58.57,61.91,5.39,86525,4931,91456,147717,56261,14531
"420","2021.JJA","Magallanes",17.57,59.75,63.37,5.71,88351,5354,93705,147862,54157,15520
"421","2021.JAS","Magallanes",17.12,59.66,63.34,5.81,88284,5446,93730,147987,54257,15111
"422","2021.ASO","Magallanes",18.52,60.23,63.74,5.51,89205,5205,94410,148115,53705,16517
"423","2021.SON","Magallanes",18.51,59.89,63.58,5.8,88782,5471,94252,148241,53989,16432
"424","2021.OND","Magallanes",19.89,60.88,64.08,4.98,90319,4739,95058,148354,53296,17961
"425","2021.NDE","Magallanes",20.53,61.25,64.53,5.08,90953,4865,95818,148484,52666,18677
"426","2022.DEF","Magallanes",21.34,60.89,63.46,4.05,90484,3822,94306,148611,54305,19309
"427","2022.EFM","Magallanes",21,61.2,63.83,4.12,91020,3916,94937,148730,53793,19117
"428","2022.FMA","Magallanes",21.76,61.33,63.86,3.96,91293,3759,95052,148850,53798,19866
"429","2022.MAM","Magallanes",19.81,62.29,65.06,4.26,92796,4133,96929,148973,52044,18386
"430","2022.AMJ","Magallanes",19.77,61.82,64.74,4.5,92176,4341,96517,149092,52575,18226
"431","2022.MJJ","Magallanes",18.8,62.76,66,4.9,93657,4826,98483,149220,50737,17604
"432","2022.JJA","Magallanes",19.56,61.9,64.94,4.69,92434,4551,96985,149335,52350,18077
"433","2022.JAS","Magallanes",19.06,61.84,65.77,5.98,92425,5882,98307,149460,51153,17619
"434","2022.ASO","Magallanes",21.51,62.17,65.76,5.45,93000,5360,98360,149583,51223,20004
"435","2022.SON","Magallanes",19.76,62.45,66.02,5.4,93494,5338,98832,149700,50868,18472
"436","2022.OND","Magallanes",20.03,63.94,66.57,3.96,95789,3949,99738,149818,50080,19188
"437","2022.NDE","Magallanes",18.52,63.79,66.62,4.24,95645,4233,99878,149931,50053,17711
"438","2023.DEF","Magallanes",19.56,64.18,66.86,4,96313,4012,100325,150056,49731,18837
"439","2023.EFM","Magallanes",19.39,63.67,66.45,4.18,95617,4172,99789,150178,50389,18544
"440","2023.FMA","Magallanes",18.3,64.62,67.39,4.12,97120,4175,101294,150304,49010,17774
"441","2023.MAM","Magallanes",17.96,64.82,68.04,4.73,97506,4844,102350,150419,48069,17512
"442","2023.AMJ","Magallanes",19.09,64.75,67.88,4.61,97478,4711,102189,150544,48355,18610
"443","2023.MJJ","Magallanes",19.02,62.8,66.54,5.62,94613,5637,100250,150659,50409,17994
"444","2023.JJA","Magallanes",19.13,62.78,66.93,6.2,94654,6260,100914,150772,49858,18105
"445","2020.JJA","Metropolitana",21.37,47.94,55.4,13.45,3172608,493048,3665655,6617285,2951630,678003
"446","2020.JAS","Metropolitana",22.61,49.53,57.1,13.24,3282143,501083,3783226,6626013,2842787,741978
"447","2020.ASO","Metropolitana",23.68,51.82,59.35,12.67,3438404,499003,3937407,6634728,2697321,814075
"448","2020.SON","Metropolitana",25.54,53.95,61.14,11.77,3583866,478205,4062071,6643413,2581342,915175
"449","2020.OND","Metropolitana",25.75,54.42,61.45,11.44,3620022,467844,4087866,6652108,2564242,932139
"450","2020.NDE","Metropolitana",26.38,54.89,61.95,11.39,3656278,469947,4126226,6660888,2534662,964694
"451","2021.DEF","Metropolitana",25.39,54.58,61.97,11.92,3640394,492513,4132907,6669578,2536671,924436
"452","2021.EFM","Metropolitana",25.58,54.34,61.82,12.11,3628777,500089,4128866,6678348,2549482,928091
"453","2021.FMA","Metropolitana",25.1,54.37,61.77,11.98,3635794,494754,4130548,6687045,2556497,912598
"454","2021.MAM","Metropolitana",25.01,54.12,61.08,11.4,3623739,466198,4089936,6695752,2605816,906149
"455","2021.AMJ","Metropolitana",25.04,54.58,60.87,10.33,3659294,421534,4080828,6704466,2623638,916461
"456","2021.MJJ","Metropolitana",26.48,55.38,61.17,9.47,3717506,389008,4106514,6713233,2606719,984546
"457","2021.JJA","Metropolitana",26.46,56.1,61.79,9.21,3770267,382354,4152621,6720214,2567593,997566
"458","2021.JAS","Metropolitana",27.09,56.46,62.19,9.22,3797290,385496,4182787,6725577,2542790,1028570
"459","2021.ASO","Metropolitana",26.9,56.91,62.54,8.99,3830856,378569,4209425,6730902,2521477,1030398
"460","2021.SON","Metropolitana",27.28,57.48,62.65,8.25,3872041,347998,4220039,6736173,2516134,1056299
"461","2021.OND","Metropolitana",27.18,57.86,62.9,8.01,3900857,339771,4240628,6741487,2500859,1060376
"462","2021.NDE","Metropolitana",26.65,57.65,62.75,8.13,3889641,344057,4233698,6746853,2513155,1036639
"463","2022.DEF","Metropolitana",25.91,57.88,63.27,8.53,3907899,364257,4272156,6752126,2479970,1012589
"464","2022.EFM","Metropolitana",25.07,58.47,64.03,8.69,3950831,376176,4327007,6757469,2430462,990302
"465","2022.FMA","Metropolitana",24.84,58.71,64.16,8.48,3970629,368049,4338678,6762747,2424069,986108
"466","2022.MAM","Metropolitana",25.47,58.87,64.19,8.3,3984125,360565,4344690,6768068,2423378,1014564
"467","2022.AMJ","Metropolitana",25.31,58.72,63.99,8.23,3977512,356701,4334214,6773392,2439178,1006767
"468","2022.MJJ","Metropolitana",24.48,59.11,64.48,8.33,4006889,363880,4370769,6778734,2407965,980869
"469","2022.JJA","Metropolitana",23.77,58.95,64.29,8.3,3999005,361975,4360979,6783758,2422779,950747
"470","2022.JAS","Metropolitana",23.84,58.58,63.97,8.43,3976742,366089,4342831,6788459,2445628,947973
"471","2022.ASO","Metropolitana",24.54,58.42,63.89,8.57,3968478,371944,4340422,6793189,2452767,973979
"472","2022.SON","Metropolitana",23.91,58.29,63.87,8.74,3962677,379383,4342060,6797898,2455838,947420
"473","2022.OND","Metropolitana",24.02,58.42,64.11,8.87,3974311,386738,4361049,6802601,2441552,954750
"474","2022.NDE","Metropolitana",24.17,58.64,64.55,9.16,3991607,402271,4393878,6807294,2413416,964921
"475","2023.DEF","Metropolitana",24.54,58.98,65.33,9.71,4017819,432287,4450106,6812060,2361954,986057
"476","2023.EFM","Metropolitana",24.53,58.82,65.46,10.14,4009820,452497,4462317,6816747,2354430,983452
"477","2023.FMA","Metropolitana",24.29,58.81,65.06,9.6,4012024,425996,4438020,6821435,2383415,974610
"478","2023.MAM","Metropolitana",24.15,59.02,64.97,9.15,4028875,405854,4434729,6826217,2391488,973086
"479","2023.AMJ","Metropolitana",23.94,59.41,65.27,8.98,4058177,400542,4458719,6830899,2372180,971642
"480","2023.MJJ","Metropolitana",23.11,59.36,65.48,9.35,4057815,418344,4476160,6835587,2359427,937672
"481","2023.JJA","Metropolitana",22.81,59.02,65.3,9.61,4037291,429334,4466625,6840306,2373681,920933
"482","2020.JJA","Los Ríos",33.44,43.26,51.35,15.75,142454,26637,169091,329270,160179,47636
"483","2020.JAS","Los Ríos",35.38,43.55,50.72,14.13,143497,23622,167119,329472,162353,50775
"484","2020.ASO","Los Ríos",35.54,46.25,52.97,12.69,152479,22160,174638,329673,155035,54189
"485","2020.SON","Los Ríos",34.56,48.07,53.04,9.36,158595,16385,174981,329909,154928,54815
"486","2020.OND","Los Ríos",34.04,48.39,53.02,8.73,159757,15283,175040,330114,155074,54378
"487","2020.NDE","Los Ríos",34.08,47.76,52.64,9.28,157769,16131,173900,330340,156440,53770
"488","2021.DEF","Los Ríos",34.08,48.18,53.76,10.38,159247,18443,177690,330546,152856,54275
"489","2021.EFM","Los Ríos",34.51,49.2,55.17,10.82,162737,19743,182480,330765,148285,56164
"490","2021.FMA","Los Ríos",33.75,48.71,54.41,10.47,161207,18861,180069,330969,150900,54413
"491","2021.MAM","Los Ríos",32.11,47.99,53.05,9.54,158926,16761,175687,331188,155501,51027
"492","2021.AMJ","Los Ríos",31.83,47.63,51.86,8.14,157859,13990,171849,331399,159550,50245
"493","2021.MJJ","Los Ríos",32.99,46.75,51.18,8.66,155040,14701,169741,331634,161893,51148
"494","2021.JJA","Los Ríos",33.48,46.16,50.76,9.06,153177,15259,168436,331850,163414,51286
"495","2021.JAS","Los Ríos",31.51,46.9,51.31,8.6,155732,14654,170386,332057,161671,49069
"496","2021.ASO","Los Ríos",32.45,48.8,52.65,7.31,162133,12785,174918,332258,157340,52617
"497","2021.SON","Los Ríos",35.49,51.13,54.53,6.24,169985,11321,181305,332473,151168,60320
"498","2021.OND","Los Ríos",34.7,52.51,55.85,5.97,174707,11099,185805,332681,146876,60622
"499","2021.NDE","Los Ríos",35.19,53.35,57.15,6.65,177586,12648,190234,332844,142610,62494
"500","2022.DEF","Los Ríos",32.69,53.99,57.32,5.81,179805,11100,190905,333056,142151,58780
"501","2022.EFM","Los Ríos",33.86,53.49,57.12,6.36,178269,12104,190372,333266,142894,60361
"502","2022.FMA","Los Ríos",33.86,53.19,56.59,6,177361,11326,188688,333457,144769,60054
"503","2022.MAM","Los Ríos",32.64,52.65,56.23,6.36,175682,11941,187623,333670,146047,57346
"504","2022.AMJ","Los Ríos",32.75,52.51,55.71,5.75,175326,10687,186013,333870,147857,57413
"505","2022.MJJ","Los Ríos",32.58,53.53,56.61,5.43,178829,10275,189103,334043,144940,58267
"506","2022.JJA","Los Ríos",32.34,52.28,55.96,6.56,174767,12276,187043,334263,147220,56523
"507","2022.JAS","Los Ríos",33,51.94,55.76,6.86,173709,12795,186505,334461,147956,57322
"508","2022.ASO","Los Ríos",32.35,51.8,55.65,6.92,173348,12891,186239,334666,148427,56086
"509","2022.SON","Los Ríos",32.29,51.81,55.19,6.12,173483,11313,184796,334848,150052,56018
"510","2022.OND","Los Ríos",32.26,53.21,56.53,5.87,178283,11119,189402,335061,145659,57507
"511","2022.NDE","Los Ríos",33.04,53.93,58.12,7.21,180828,14044,194872,335284,140412,59743
"512","2023.DEF","Los Ríos",36.03,54.62,59.03,7.47,183272,14791,198063,335509,137446,66028
"513","2023.EFM","Los Ríos",35.15,52.96,57.4,7.73,177787,14885,192673,335692,143019,62490
"514","2023.FMA","Los Ríos",35.45,52.69,56.62,6.93,176995,13189,190185,335898,145713,62751
"515","2023.MAM","Los Ríos",33.64,52.8,56.51,6.56,177453,12468,189921,336092,146171,59702
"516","2023.AMJ","Los Ríos",33.13,52.64,56.62,7.03,177025,13388,190413,336306,145893,58657
"517","2023.MJJ","Los Ríos",33.3,53.4,57.64,7.36,179708,14272,193981,336520,142539,59852
"518","2023.JJA","Los Ríos",33.29,53.29,58.16,8.37,179431,16392,195824,336722,140898,59732
"519","2020.JJA","Arica y Parinacota",28.41,45.28,50.05,9.52,90424,9514,99937,199694,99757,25687
"520","2020.JAS","Arica y Parinacota",29.64,45.22,49.99,9.55,90430,9546,99975,199972,99997,26799
"521","2020.ASO","Arica y Parinacota",32.1,47.66,50.97,6.49,95436,6627,102064,200239,98175,30633
"522","2020.SON","Arica y Parinacota",32.69,48.88,52.13,6.23,98007,6510,104516,200501,95985,32037
"523","2020.OND","Arica y Parinacota",33.78,49.77,53.08,6.24,99918,6648,106566,200773,94207,33753
"524","2020.NDE","Arica y Parinacota",32.17,50.34,54.11,6.96,101210,7576,108785,201041,92256,32563
"525","2021.DEF","Arica y Parinacota",31.85,51.81,56.23,7.86,104295,8896,113191,201315,88124,33221
"526","2021.EFM","Arica y Parinacota",29.57,51.96,56.13,7.42,104749,8399,113148,201584,88436,30974
"527","2021.FMA","Arica y Parinacota",29.49,50.81,55.25,8.04,102563,8962,111525,201853,90328,30249
"528","2021.MAM","Arica y Parinacota",29.81,50.87,54.27,6.25,102824,6856,109681,202115,92434,30654
"529","2021.AMJ","Arica y Parinacota",33.03,50.11,53.5,6.34,101420,6868,108288,202397,94109,33497
"530","2021.MJJ","Arica y Parinacota",33.63,50.87,53.68,5.24,103084,5699,108783,202661,93878,34672
"531","2021.JJA","Arica y Parinacota",35.65,51.01,53.91,5.37,103504,5879,109383,202903,93520,36904
"532","2021.JAS","Arica y Parinacota",33.76,51.87,54.54,4.89,105356,5413,110769,203107,92338,35573
"533","2021.ASO","Arica y Parinacota",32.71,51.94,54.95,5.48,105600,6122,111722,203304,91582,34541
"534","2021.SON","Arica y Parinacota",31.72,52.02,54.76,4.99,105866,5566,111432,203503,92071,33579
"535","2021.OND","Arica y Parinacota",31.41,52.07,54.69,4.79,106070,5333,111403,203714,92311,33316
"536","2021.NDE","Arica y Parinacota",30.48,53.4,55.57,3.89,108893,4412,113305,203911,90606,33186
"537","2022.DEF","Arica y Parinacota",30.02,53.15,55.56,4.34,108487,4927,113414,204119,90705,32566
"538","2022.EFM","Arica y Parinacota",30.42,53.38,56.34,5.25,109064,6043,115106,204316,89210,33177
"539","2022.FMA","Arica y Parinacota",30.8,53.92,57.27,5.85,110285,6852,117136,204519,87383,33970
"540","2022.MAM","Arica y Parinacota",31.09,54,57.65,6.32,110556,7463,118020,204719,86699,34369
"541","2022.AMJ","Arica y Parinacota",32.69,53.78,57.77,6.91,110196,8176,118371,204918,86547,36026
"542","2022.MJJ","Arica y Parinacota",34.96,53.99,58.28,7.37,110743,8806,119549,205115,85566,38714
"543","2022.JJA","Arica y Parinacota",35.66,54.62,58.83,7.16,112152,8643,120795,205328,84533,39993
"544","2022.JAS","Arica y Parinacota",36.63,54.58,58.9,7.34,112172,8886,121058,205527,84469,41086
"545","2022.ASO","Arica y Parinacota",36.14,54.4,58.62,7.21,111909,8700,120609,205734,85125,40447
"546","2022.SON","Arica y Parinacota",35.54,54.54,58.86,7.33,112331,8881,121212,205943,84731,39925
"547","2022.OND","Arica y Parinacota",34.49,54.33,58.17,6.59,112008,7899,119907,206147,86240,38628
"548","2022.NDE","Arica y Parinacota",33.03,53.69,57.49,6.61,110779,7847,118626,206348,87722,36586
"549","2023.DEF","Arica y Parinacota",32.01,52.54,57.17,8.11,108520,9580,118100,206560,88460,34740
"550","2023.EFM","Arica y Parinacota",32.72,53.77,58.34,7.84,111170,9460,120631,206764,86133,36379
"551","2023.FMA","Arica y Parinacota",33.47,54.54,59.51,8.35,112881,10282,123162,206972,83810,37776
"552","2023.MAM","Arica y Parinacota",37.1,55.62,60.27,7.71,115236,9624,124859,207167,82308,42755
"553","2023.AMJ","Arica y Parinacota",36.24,55.17,59.77,7.69,114419,9535,123954,207379,83425,41466
"554","2023.MJJ","Arica y Parinacota",37.08,55.17,59.63,7.48,114523,9266,123789,207582,83793,42468
"555","2023.JJA","Arica y Parinacota",35.79,55.06,59.34,7.21,114409,8896,123305,207796,84491,40945
"556","2020.JJA","Ñuble",28.67,43.5,48.81,10.89,181073,22124,203197,416295,213098,51921
"557","2020.JAS","Ñuble",29.04,44.36,49.71,10.77,184781,22293,207073,416572,209499,53662
"558","2020.ASO","Ñuble",29.58,45.48,50.53,9.99,189604,21038,210642,416898,206256,56086
"559","2020.SON","Ñuble",32.47,47.7,52.53,9.2,198990,20168,219158,417203,198045,64608
"560","2020.OND","Ñuble",31.43,49.01,53.38,8.19,204637,18250,222888,417515,194627,64321
"561","2020.NDE","Ñuble",31.92,49.97,54.74,8.7,208803,19892,228694,417817,189123,66659
"562","2021.DEF","Ñuble",30.51,49.85,54.61,8.72,208419,19906,228326,418118,189792,63589
"563","2021.EFM","Ñuble",33.18,49.78,54.86,9.26,208283,21266,229549,418413,188864,69102
"564","2021.FMA","Ñuble",33.21,49.47,53.99,8.37,207131,18909,226039,418701,192662,68795
"565","2021.MAM","Ñuble",32.82,48.32,53.03,8.89,202463,19748,222211,419016,196805,66443
"566","2021.AMJ","Ñuble",32.18,46.78,52.18,10.35,196167,22654,218821,419330,200509,63117
"567","2021.MJJ","Ñuble",32.08,46.98,52.43,10.39,197145,22861,220006,419636,199630,63250
"568","2021.JJA","Ñuble",31.81,47.56,52.88,10.05,199717,22325,222042,419910,197868,63533
"569","2021.JAS","Ñuble",32.44,48.28,52.85,8.64,202888,19187,222075,420221,198146,65807
"570","2021.ASO","Ñuble",33.38,49.49,53.43,7.37,208131,16555,224686,420515,195829,69466
"571","2021.SON","Ñuble",34.05,50.05,53.33,6.15,210605,13798,224404,420787,196383,71715
"572","2021.OND","Ñuble",33.3,51.77,54.69,5.33,217999,12274,230273,421069,190796,72596
"573","2021.NDE","Ñuble",34.28,52.25,55.01,5.03,220148,11651,231799,421342,189543,75471
"574","2022.DEF","Ñuble",34.57,52,55.57,6.42,219247,15041,234288,421618,187330,75794
"575","2022.EFM","Ñuble",34.65,50.5,54.67,7.62,213094,17565,230659,421930,191271,73832
"576","2022.FMA","Ñuble",33.37,49.89,54.77,8.91,210643,20595,231238,422214,190976,70282
"577","2022.MAM","Ñuble",32.73,49.81,54.71,8.96,210433,20716,231149,422498,191349,68880
"578","2022.AMJ","Ñuble",33.32,49.65,54.71,9.25,209928,21385,231314,422781,191467,69940
"579","2022.MJJ","Ñuble",33.6,48.06,53.18,9.63,203312,21662,224973,423074,198101,68312
"580","2022.JJA","Ñuble",34.28,48.51,53.58,9.46,205354,21458,226812,423344,196532,70391
"581","2022.JAS","Ñuble",35.93,48.17,53.04,9.18,204051,20620,224672,423625,198953,73323
"582","2022.ASO","Ñuble",36.14,49.84,54.03,7.76,211249,17774,229023,423893,194870,76350
"583","2022.SON","Ñuble",37.91,49.85,53.83,7.39,211429,16883,228312,424150,195838,80149
"584","2022.OND","Ñuble",37.63,52.01,56.18,7.43,220738,17724,238461,424451,185990,83069
"585","2022.NDE","Ñuble",37.11,51.95,56.64,8.28,220652,19930,240582,424742,184160,81878
"586","2023.DEF","Ñuble",35.73,51.94,57.13,9.09,220746,22067,242813,425007,182194,78876
"587","2023.EFM","Ñuble",36.95,50.92,56.08,9.21,216554,21959,238513,425289,186776,80010
"588","2023.FMA","Ñuble",37.53,50.71,55.96,9.39,215784,22359,238143,425550,187407,80982
"589","2023.MAM","Ñuble",37.48,51.05,56.07,8.94,217406,21356,238762,425834,187072,81474
"590","2023.AMJ","Ñuble",35.48,49.67,54.96,9.63,211641,22550,234191,426104,191913,75100
"591","2023.MJJ","Ñuble",35.45,49.2,54.7,10.05,209788,23438,233226,426411,193185,74367
"592","2023.JJA","Ñuble",33.91,48.87,54.54,10.39,208521,24188,232709,426672,193963,70710
"593","2020.JJA","Total país",22.53,45.72,52.5,12.91,7191414,1065796,8257210,15729265,7472055,1620151
"594","2020.JAS","Total país",23.49,46.77,53.36,12.35,7365055,1037582,8402637,15746866,7344229,1729949
"595","2020.ASO","Total país",25.12,48.64,55.01,11.58,7667659,1003911,8671570,15764525,7092955,1926274
"596","2020.SON","Total país",26.68,50.16,56.21,10.76,7916724,954352,8871076,15782138,6911062,2112280
"597","2020.OND","Total país",26.98,50.8,56.62,10.29,8026217,920263,8946480,15799928,6853448,2165309
"598","2020.NDE","Total país",27.08,51.34,57.19,10.23,8121420,925214,9046634,15817719,6771085,2199650
"599","2021.DEF","Total país",26.46,51.58,57.5,10.3,8167623,938324,9105948,15835398,6729450,2161171
"600","2021.EFM","Total país",26.69,51.4,57.33,10.35,8148206,941088,9089294,15853046,6763752,2174531
"601","2021.FMA","Total país",26.2,51.06,56.89,10.24,8104129,924974,9029103,15870679,6841576,2123557
"602","2021.MAM","Total país",26.1,50.61,56.26,10.04,8041110,897161,8938272,15888394,6950122,2098432
"603","2021.AMJ","Total país",25.96,50.55,55.86,9.5,8041191,843758,8884950,15906102,7021152,2087800
"604","2021.MJJ","Total país",26.89,51.17,56.19,8.93,8148948,799380,8948328,15923835,6975507,2191335
"605","2021.JJA","Total país",27.13,51.81,56.66,8.55,8258775,771903,9030678,15939249,6908571,2240607
"606","2021.JAS","Total país",27.65,52.31,57.11,8.41,8345240,765842,9111082,15952365,6841283,2307371
"607","2021.ASO","Total país",27.93,52.97,57.62,8.08,8456511,743008,9199520,15965393,6765873,2361665
"608","2021.SON","Total país",28.21,53.56,57.92,7.53,8558362,696688,9255050,15978363,6723313,2414580
"609","2021.OND","Total país",28.28,54.27,58.47,7.19,8678287,672297,9350584,15991432,6640848,2454121
"610","2021.NDE","Total país",28.03,54.44,58.71,7.27,8712890,683236,9396126,16004483,6608357,2442569
"611","2022.DEF","Total país",27.81,54.74,59.18,7.5,8768645,710820,9479464,16017428,6537964,2438920
"612","2022.EFM","Total país",27.27,54.88,59.52,7.8,8797561,744041,9541602,16030541,6488939,2398884
"613","2022.FMA","Total país",27.17,55.07,59.7,7.75,8835478,742016,9577493,16043616,6466123,2400599
"614","2022.MAM","Total país",27.35,55.15,59.82,7.8,8855076,749542,9604618,16056612,6451994,2421790
"615","2022.AMJ","Total país",27.11,55,59.66,7.81,8838432,748913,9587345,16069655,6482310,2395933
"616","2022.MJJ","Total país",26.64,55.03,59.76,7.92,8849831,761069,9610900,16082690,6471790,2357499
"617","2022.JJA","Total país",26.66,55.01,59.74,7.93,8853293,762473,9615766,16095411,6479645,2360389
"618","2022.JAS","Total país",27.06,54.9,59.7,8.04,8843544,773188,9616732,16107712,6490980,2393242
"619","2022.ASO","Total país",27.67,55.02,59.78,7.97,8869323,767933,9637256,16120185,6482929,2453760
"620","2022.SON","Total país",27.28,55.06,59.82,7.95,8883090,767075,9650165,16132437,6482272,2423030
"621","2022.OND","Total país",27.37,55.53,60.27,7.86,8965230,765069,9730299,16144885,6414586,2453565
"622","2022.NDE","Total país",27.27,55.76,60.63,8.04,9008546,787317,9795863,16157315,6361452,2456973
"623","2023.DEF","Total país",27.31,55.85,60.95,8.37,9030162,824612,9854774,16169766,6314992,2466432
"624","2023.EFM","Total país",27.45,55.65,61.03,8.81,9006145,869932,9876077,16182118,6306041,2472059
"625","2023.FMA","Total país",27.36,55.62,60.89,8.66,9006729,853902,9860631,16194588,6333957,2463981
"626","2023.MAM","Total país",27.38,55.74,60.94,8.52,9034231,841916,9876146,16206908,6330762,2473967
"627","2023.AMJ","Total país",27.18,55.71,60.9,8.53,9035114,842305,9877419,16219348,6341929,2455317
"628","2023.MJJ","Total país",26.87,55.62,60.97,8.77,9028647,868170,9896817,16231718,6334901,2425785
"629","2023.JJA","Total país",26.72,55.44,60.92,9,9005443,890175,9895618,16244301,6348683,2406217
